{
	"info": {
		"_postman_id": "1da9f626-32f4-481a-9451-1d822eed927e",
		"name": "ExpressAuthJWTAPI",
		"schema": "https://schema.getpostman.com/json/collection/v2.1.0/collection.json"
	},
	"item": [
		{
			"name": "User Registration",
			"request": {
				"method": "POST",
				"header": [
					{
						"key": "Accept",
						"value": "application/json",
						"type": "default"
					}
				],
				"body": {
					"mode": "raw",
					"raw": "{\r\n    \"name\":\"Sonam\",\r\n    \"email\":\"sonam@example.com\",\r\n    \"password\":\"123456\",\r\n    \"password_confirmation\":\"123456\",\r\n    \"tc\":true\r\n}",
					"options": {
						"raw": {
							"language": "json"
						}
					}
				},
				"url": {
					"raw": "http://localhost:8000/api/user/register",
					"protocol": "http",
					"host": [
						"localhost"
					],
					"port": "8000",
					"path": [
						"api",
						"user",
						"register"
					]
				}
			},
			"response": []
		},
		{
			"name": "User Login",
			"request": {
				"method": "POST",
				"header": [
					{
						"key": "Accept",
						"value": "application/json",
						"type": "default"
					}
				],
				"body": {
					"mode": "raw",
					"raw": "{\r\n    \"email\":\"sonam@example.com\",\r\n    \"password\":\"123456\"\r\n}",
					"options": {
						"raw": {
							"language": "json"
						}
					}
				},
				"url": {
					"raw": "http://localhost:8000/api/user/login",
					"protocol": "http",
					"host": [
						"localhost"
					],
					"port": "8000",
					"path": [
						"api",
						"user",
						"login"
					]
				}
			},
			"response": []
		},
		{
			"name": "Change User Password",
			"request": {
				"method": "POST",
				"header": [
					{
						"key": "Accept",
						"value": "application/json",
						"type": "default"
					},
					{
						"key": "Authorization",
						"value": "Bearer eyJhbGciOiJIUzI1NiIsInR5cCI6IkpXVCJ9.eyJ1c2VySUQiOiI2MjE3NDg0MWNkYjYwNDBmMWU2NzI4M2YiLCJpYXQiOjE2NDU2OTMwMTIsImV4cCI6MTY0NjEyNTAxMn0.pHa_3QxsAy0hSFEfp4RYrmGecAARUwIIhB8K73SolBU",
						"type": "text"
					}
				],
				"body": {
					"mode": "raw",
					"raw": "{\r\n    \"password\":\"hello\",\r\n    \"password_confirmation\":\"hello\"\r\n}",
					"options": {
						"raw": {
							"language": "json"
						}
					}
				},
				"url": {
					"raw": "http://localhost:8000/api/user/changepassword",
					"protocol": "http",
					"host": [
						"localhost"
					],
					"port": "8000",
					"path": [
						"api",
						"user",
						"changepassword"
					]
				}
			},
			"response": []
		},
		{
			"name": "Logged User Detail",
			"request": {
				"method": "GET",
				"header": [
					{
						"key": "Accept",
						"value": "application/json",
						"type": "default"
					},
					{
						"key": "Authorization",
						"value": "Bearer eyJhbGciOiJIUzI1NiIsInR5cCI6IkpXVCJ9.eyJ1c2VySUQiOiI2MjE3NDg0MWNkYjYwNDBmMWU2NzI4M2YiLCJpYXQiOjE2NDU2OTMwMTIsImV4cCI6MTY0NjEyNTAxMn0.pHa_3QxsAy0hSFEfp4RYrmGecAARUwIIhB8K73SolBU",
						"type": "text"
					}
				],
				"url": {
					"raw": "http://localhost:8000/api/user/loggeduser",
					"protocol": "http",
					"host": [
						"localhost"
					],
					"port": "8000",
					"path": [
						"api",
						"user",
						"loggeduser"
					]
				}
			},
			"response": []
		},
		{
			"name": "Send Password Reset Email",
			"request": {
				"method": "POST",
				"header": [
					{
						"key": "Accept",
						"value": "application/json",
						"type": "default"
					}
				],
				"body": {
					"mode": "raw",
					"raw": "{\r\n    \"email\":\"sonam@example.com\"\r\n}",
					"options": {
						"raw": {
							"language": "json"
						}
					}
				},
				"url": {
					"raw": "http://localhost:8000/api/user/send-reset-password-email",
					"protocol": "http",
					"host": [
						"localhost"
					],
					"port": "8000",
					"path": [
						"api",
						"user",
						"send-reset-password-email"
					]
				}
			},
			"response": []
		},
		{
			"name": "Password Reset",
			"request": {
				"method": "POST",
				"header": [
					{
						"key": "Accept",
						"value": "application/json",
						"type": "default"
					}
				],
				"body": {
					"mode": "raw",
					"raw": "{\r\n    \"password\":\"12345678\",\r\n    \"password_confirmation\":\"12345678\"\r\n}",
					"options": {
						"raw": {
							"language": "json"
						}
					}
				},
				"url": {
					"raw": "http://localhost:8000/api/user/reset-password/62174841cdb6040f1e67283f/eyJhbGciOiJIUzI1NiIsInR5cCI6IkpXVCJ9.eyJ1c2VySUQiOiI2MjE3NDg0MWNkYjYwNDBmMWU2NzI4M2YiLCJpYXQiOjE2NDU2OTMxNzgsImV4cCI6MTY0NTY5NDA3OH0.XcuRC6ZY-eEk0e2Is4xwcmrKSyVugRaEmLCwyolre3E",
					"protocol": "http",
					"host": [
						"localhost"
					],
					"port": "8000",
					"path": [
						"api",
						"user",
						"reset-password",
						"62174841cdb6040f1e67283f",
						"eyJhbGciOiJIUzI1NiIsInR5cCI6IkpXVCJ9.eyJ1c2VySUQiOiI2MjE3NDg0MWNkYjYwNDBmMWU2NzI4M2YiLCJpYXQiOjE2NDU2OTMxNzgsImV4cCI6MTY0NTY5NDA3OH0.XcuRC6ZY-eEk0e2Is4xwcmrKSyVugRaEmLCwyolre3E"
					]
				}
			},
			"response": []
		}
	]
}